role_id,ФИО,Логин,Пароль
1,Воронцова Екатерина Дмитриевна,admin.vrn1@zoovoronezh.ru,aDm4nV
1,Кораблёв Андрей Игоревич,korablev.a@zoo36.ru,K9rB7s
1,Соболева Ирина Викторовна,soboleva.iv@vetvrn.ru,3xYpLq
1,Мещеряков Денис Алексеевич,meshcher@zooadmin.ru,M8sWzP
2,Ткачёва Светлана Петровна,tkacheva.sp@zoo36.ru,tK5fN2
2,Жилин Сергей Владимирович,zhilin.sv@mail36.ru,JlN9wQ
2,Панина Ольга Юрьевна,panina.oy@tutanota.com,oP4xR8
2,Родионов Павел Сергеевич,rodionov.ps@yahoo.com,RdS7jK
2,Швецова Наталья Ильинична,shvetsova.ni@outlook.com,nW3zM6
3,Барсукова Татьяна Владимировна,barsukova.tv@mail.ru,tB9kL2
3,Головин Михаил Олегович,golovin.mo@gmail.com,gH6xP4
3,Долгова Елена Викторовна,dolgova.ev@yandex.ru,eD8sR1
3,Еремин Артём Павлович,eremin.ap@tutanota.com,aE4nM7
3,Журавлева Алина Сергеевна,zhuravleva.as@mail.com,zA9cF3
3,Завьялов Иван Николаевич,zavyalov.in@yahoo.com,iV5rB2
3,Исаева Кристина Романовна,isaeva.kr@outlook.com,kR7yT6
